{
  "u_optimal": {
    "median": 0.041449705399734124,
    "mean": 0.22936481719125723,
    "ci_lower": 0.0033622309438008295,
    "ci_upper": 0.8706968718658958,
    "std": 0.3298175358892362
  },
  "cost_saving_pct": {
    "median": 50.857571171951065,
    "mean": 50.317874213077886,
    "ci_lower": 15.493124819000242,
    "ci_upper": 70.91981816710327,
    "std": 13.575098010502607
  },
  "Ir_opt_pct": {
    "median": 0.5986679886291999,
    "mean": 2.544909263423379,
    "ci_lower": 0.02202304899594617,
    "ci_upper": 19.57694324094747,
    "std": 5.650792332451605
  },
  "Ir_sq_pct": {
    "median": 26.267476704382226,
    "mean": 26.872780386323363,
    "ci_lower": 24.158797903972612,
    "ci_upper": 31.48797461442258,
    "std": 2.0872034028546724
  },
  "R0_r": {
    "median": 1.2164415142813865,
    "mean": 1.2624137718586472,
    "ci_lower": 1.0213094992490195,
    "ci_upper": 1.6824894884008212,
    "std": 0.17418494691916805
  },
  "beta_s": {
    "median": 0.36190384584903906,
    "mean": 0.35289300486471437,
    "ci_lower": 0.17444740634399664,
    "ci_upper": 0.5644460416817166,
    "std": 0.1171356805058267
  },
  "beta_r": {
    "median": 0.1738249694184478,
    "mean": 0.1803942340922082,
    "ci_lower": 0.14594133001010448,
    "ci_upper": 0.24042149206072005,
    "std": 0.024890381260347653
  },
  "sigma": {
    "median": 0.6673391756116558,
    "mean": 0.601242997091511,
    "ci_lower": 0.14255515093081486,
    "ci_upper": 0.8103213207406619,
    "std": 0.19247871005541986
  },
  "n_samples": 72
}